,Unnamed: 0,composition,mp-id,target
0,0,LiPO3,mp-1202801.cif,1.5
1,1,BiPO4,mvc-9620.cif,22.2
5,5,MgF2,mp-1249.cif,2.4426666666666663
7,7,LiClO4,mp-30301.cif,5.5
8,8,CeVI,,3.6
9,9,ZnWO4,mp-1205368.cif,17.266000000000002
10,10,Te2Mo,mp-1120746.cif,9.78
11,11,Li2Mg3BO6,,14.345
12,12,CsPbI3,mp-540839.cif,8.0
15,15,Ba0.69Sr0.31Ti1O3,,294.0
16,16,BPO,,3.1025
18,18,LaCrO3,mp-19357.cif,5000.0
19,19,LiMn2O4,mp-756371.cif,11.008
20,20,Y2O3,mp-777514.cif,13.320089285714287
21,21,PHIF,,16.765333333333327
23,23,BaAl2O4,mp-3828.cif,11.3
26,26,CuBr,mp-32880.cif,6.378600000000001
27,27,BaZrO3,mp-3834.cif,39.16875
29,29,Zr2CO2,,7.0
31,31,CsPbBr3,mp-600089.cif,4.8
32,32,Ag5SbS4,mp-4004.cif,5.900000000000001
34,34,Ba0.71Sr0.29Ti1O3,,811.0
35,35,HC3O,,18.4825
41,41,BSI,,18.6
42,42,CdTe,43712.cif,9.4379
43,43,H3NClF,,144.40300000000002
46,46,Ho2TiCuO6,mp-1224098.cif,53.0
47,47,AcNpO2,,192.0
49,49,RuCl,,372.0
50,50,PCl,,8.6
51,51,YScO3,mp-755165.cif,14.5
52,52,VCO,,11.95
58,58,BaTiAl2SiO8,,2300.0
59,59,Ba0.4Sr0.6Ti1O3,,790.0
61,61,BaCeO3,mp-5663.cif,98.0
65,65,AlAs,mp-8881.cif,9.18451612903226
66,66,ZnTe,mp-9281.cif,8.388181818181817
67,67,Nd2Ti2O7,mp-555785.cif,36.16666666666666
70,70,Nd2MoO6,mp-18494.cif,13.800000000000002
73,73,Al0.4Ga0.6N1,,9.22
76,76,HfTiO,,45.9
78,78,Zn(FeO2)2,mp-530392.cif,7.036
79,79,Tb2O3,mp-2457.cif,14.0
80,80,Mg4Ta2O9,mp-17481.cif,13.0
82,82,LiTaO3,mp-3666.cif,43.92122033898305
83,83,KTiPO5,mp-1198407.cif,13.0
84,84,TiBi4,,123.0
85,85,Au2S,78718.cif,5.4
87,87,Ba3Ti5.1Nb5.9O27.95,,38.3
88,88,AlSb,mp-2624.cif,11.576333333333332
89,89,GaSb,mp-1156.cif,15.026692307692306
90,90,InP,24517.cif,12.38315
91,91,CuO2,mp-614565.cif,8.433333333333334
93,93,LaZrTiPbO3,,1000.0
94,94,BaZrTiO3,,17.3
95,95,CaF2,mp-10464.cif,6.388095238095239
96,96,BaBrCl,mp-1100395.cif,3.526666666666667
97,97,BaIBr,mp-1214491.cif,3.846666666666666
99,99,ScIr2,mp-2263.cif,188.0
100,100,Mg0.5Zn0.3Cr0.2Co2O4,,1.02
101,101,Mg0.5Zn0.2Cr0.3Co2O4,,1.07
102,102,SiN,,7.011852941176471
105,105,Ba5LaMgNb9O30,,325.0
106,106,LiPF6,mp-9143.cif,18.0
108,108,Li2Mg3TiO6,,14.840769230769231
110,110,Li2Ca0.12Mg2.88Ti1O6,,17.800000000000004
116,116,BH4C6N,,5.6875
117,117,Li2Ca0.4Mg3.6Ti1O7,,15.79
118,118,YCO,,110.0
119,119,CaMgSiO4,202286.cif,6.835416666666667
121,121,YTiNbO6,mp-1216120.cif,19.0
125,125,K2NiF4,mp-556546.cif,19.0
126,126,Te3Se17,,8.335
129,129,YCrO3,mp-18725.cif,1.56
130,130,Mg2SiO4,mp-7983.cif,7.1440625
131,131,Gd2Fe5BiO12,,27.3
132,132,AuSN8,,5.62
133,133,Fe5Ni2,,22.0
135,135,BaBeF4,mp-12431.cif,17.0
136,136,InGaAs,,13.055589285714284
137,137,AlGaN,,9.52325925925926
138,138,Zr0.25Ti0.25Nb0.333Ni0.167Pb1O3,,66.5
139,139,Na3Bi,mp-977189.cif,120.0
140,140,InCuSe2,250247.cif,10.428571428571429
142,142,HF,mp-632296.cif,84.2
143,143,TiNb2NiO8,,56.8
145,145,Ag2HgI4,mp-23485.cif,37.0
147,147,VB4905H,,4.0
148,148,Nd0.95Mn1Cd0.05O3,,8756.0
149,149,IrO2,mp-1095353.cif,1247.5
150,150,MgSe,mp-1018040.cif,5.403333333333333
151,151,MoS228,,3.2
152,152,BCSNF,,103.0
153,153,UPN,,12.0
155,155,KCN,mp-1077078.cif,432.0
156,156,Pr4ZrO4,,5.8
158,158,CrCdBiTeO7,,73.0
159,159,CdGaBiTeO7,,20.0
160,160,CdFeBiTeO7,,44.0
161,161,MnCdBiTeO7,,59.0
162,162,ScCdBiTeO7,,40.0
165,165,BaBS,,70.35384615384615
167,167,BaNdSmTi4O12,,8.04
170,170,ZrH28(C5O2)4,,12.65
172,172,NaVO3,mp-1099591.cif,5632.8
173,173,Sr0.1La0.9Mn1O3,,10.0
174,174,Sr1Ti0.99Nb0.01O3,,150.0
175,175,HCCl2,,7.06
176,176,H5C6NO2,,34.78
177,177,SmBiMoO6,,9.013333333333334
180,180,Bi2Te15Se83,,13.87
181,181,Mg2Al4Si5O18,mp-684265.cif,6.204444444444444
182,182,BaAl2(SiO4)2,mp-6091.cif,6.688571428571429
183,183,MgSiO3,mp-4391.cif,7.3875
184,184,CaSiO3,mp-4429.cif,6.124444444444445
187,187,Li2TiGeO5,mp-13182.cif,9.43
188,188,Li2TiSiO5,mp-6332.cif,9.89
190,190,Li2MgGeO4,mp-1210797.cif,6.1
191,191,Li2ZnGeO4,mp-8184.cif,6.5
193,193,Ca2SiO4,mp-4180.cif,10.1
195,195,CaYNbMoO8,,33.0
197,197,CaNdNbMoO8,,24.0
199,199,CaNbBiMoO8,,32.0
202,202,Ca4NbBi(MoO5)4,,14.0
204,204,SiOF,,3.486166666666666
206,206,BaCa2TiV2O10,,9.6
207,207,Ba3V2B2O11,,12.5
209,209,Ca2V2TeO9,,12.455
210,210,Sr2V2TeO9,,9.91
212,212,Ga1Sb0.49As0.51,,14.2
213,213,SrN6,412255.cif,14.316
214,214,BaN6,mp-1707.cif,4.358
217,217,Li3Sm3Ti7Nb2O25,,63.1
218,218,Li3Sm2Ti7Nb2BiO25,,86.23
219,219,Li3SmTi7Nb2Bi2O25,,104.5
220,220,Li3Ti7Nb2Bi3O25,,110.4
221,221,Ba1Mg0.167Ta0.333Ti0.5O3,,76.6
223,223,Ba3Ca2TiNb2O12,,75.0
226,226,Ta0.2Ti0.55Nb0.1Zn0.15O2,,75.89250000000001
227,227,BaCeP3O10,,12.8
228,228,BaSmP3O10,,11.357142857142858
229,229,CaLaP3O10,,13.23076923076923
230,230,CaSmP3O10,,22.8
231,231,BS,,162.0
233,233,Mg3(BO3)2,mp-5005.cif,7.2
234,234,TeSe4,,10.962222222222222
235,235,CdTe4Se15,,10.0
236,236,CdTe2Se7,,10.0
238,238,SrTi4Bi4O15,mp-1217847.cif,185.8333333333333
239,239,Nb2PbO6,mp-773965.cif,263.0
242,242,SrV2O6,mp-19038.cif,9.66
247,247,Bi2Mo2O9,mp-556586.cif,36.5
248,248,ZnCdTe,mp-1232381.cif,10.45
249,249,Li2TiO3,mp-1222656.cif,22.086
252,252,Li3Mg2NbO6,,15.866499999999998
256,256,Li4Mg3Ti2O9,,15.65
257,257,Li6Mg7Ti3O16,,15.27
258,258,Li7Ti3O9F,,22.5
259,259,Y3Ti7Nb2Pb3O26.5,,67.9
262,262,B3S4,,56.0
263,263,B(SN2)2,,85.0
265,265,SbSe49,,10.8
267,267,Sb3Se47,,21.3
268,268,Sb2Se23,,22.3
270,270,Ti0.55Nb0.3Zn0.15O2,,80.62
273,273,Li2.08Ti1O3,,22.8
274,274,Li2MgTi3O8,mp-1222649.cif,27.35
276,276,Ca0.275Pb0.725,,223.0
278,278,Sc2O3,160203.cif,14.59375
279,279,La0.8Ce0.2Mn1O3,,21.0
281,281,Ti0.35Fe0.3Co0.35Bi1O3,,398.5
282,282,C3F7,,1.7625
284,284,LiH,LiH_mp-23703.cif,3.9
285,285,Na2.25Ti3Bi3.25O12,,53.0
286,286,H5C7ClO,,23.0
288,288,AlMo,,19.02
289,289,MgMo,,18.9
290,290,ZrMo,mp-1215206.cif,18.54
292,292,NaAgMoO4,,7.899999999999999
293,293,Ag2MoO4,mp-19318.cif,8.1
294,294,K2Mo2O7,mp-27597.cif,7.583333333333333
297,297,Zr0.4914Ti0.4536Nb0.055Pb0.9725O3,,1529.0
299,299,Ca3Gd3Ti7Nb2O26.5,,53.7
304,304,In2O3,mp-1245022.cif,6.594285714285713
307,307,Ba5CeTi3Nb7O30,,668.0
308,308,Ba5PrTi3Nb7O30,,700.0
311,311,Ba5GdTi3Nb7O30,,292.0
312,312,Ba5Ti3Nb7BiO30,,887.0
314,314,Ba5PrTa7Ti3O30,,164.0
316,316,FeO,mp-1283030.cif,13.0
319,319,PbO,mp-550714.cif,25.2
321,321,Ba5Ta7Ti3BiO30,,212.0
325,325,Te7Pb3Se40,,24.82
326,326,TePbSe8,,33.7
327,327,AlNi,mp-1228854.cif,2.9
330,330,SrLaAlO4,mp-1218184.cif,18.45555555555556
331,331,NdAlO3,mp-14254.cif,21.444642857142856
335,335,YVO4,mp-1102526.cif,9.7
337,337,Gd3Ga5O12,mp-2921.cif,15.0
338,338,LaMgAl11O19,mp-1223152.cif,12.461538461538462
343,343,CaTiO3,31864.cif,151.82063063063063
344,344,TeO2,mp-557.cif,21.509375
346,346,Y3Al5O12,mp-3050.cif,10.364
347,347,YAlO3,27100.cif,16.125
348,348,ZrSiO4,mp-4820.cif,12.660666666666666
350,350,H8C3O,,19.9125
351,351,CCl4,mp-1004532.cif,2.22
352,352,H7C3,,1.895
353,353,CrS30,,9.633333333333333
354,354,Ba2Ti9O20,mp-560731.cif,36.72807692307692
355,355,Ti2Nb10O29,,180.0
356,356,ZrO21,,25.0
358,358,Sm0.08Ti0.98Mn0.02Pb0.88O3,,6.14
359,359,Eu0.08Ti0.98Mn0.02Pb0.88O3,,5.510000000000001
361,361,Ba2CeSnO6,mp-1521094.cif,25.66
362,362,Ba2La1Sn1O5.5,,20.36
364,364,SiO2F,,4.2
365,365,Ca0.2Ti1Pb0.8O3,,83.0
366,366,Ca0.24Ti1Pb0.76O3,,87.0
367,367,Ca0.28Ti1Pb0.72O3,,99.0
368,368,CdCl2,mp-695850.cif,4.5465
371,371,CeMg5Nb4O17,,11.8
373,373,Sm2Mg5Nb4O18,,11.6
374,374,Mg5MnNb4O17,,11.4
375,375,Mg5Nb4(BiO9)2,,11.5
376,376,CeMg5Ta4O17,,11.2
378,378,Sm2Mg5Ta4O18,,12.0
379,379,Mg5Ta4MnO17,,14.7
380,380,Mg5Ta4(BiO9)2,,15.2
381,381,Sr5Ta4O15,mp-769582.cif,41.0
384,384,Ba3Sr2Nb4O15,,50.0
386,386,BaSr4Nb4O15,,45.0
389,389,SbTe4Se15,,168.07
390,390,Zn0.1Cd0.9Te1,,10.0
391,391,TlBr,mp-568560.cif,29.8
398,398,Ba0.1Sr1Ta0.1Ti3.9Bi3.9O15,,198.0
399,399,Sr3Nb2ZnO9,mp-1218413.cif,20.69
401,401,Sr3Mg0.5Nb2Zn0.5O9,,22.3075
402,402,Sr3Mg0.75Nb2Zn0.25O9,,21.55
403,403,Cu2Se,Cu2Se_mp-16366.cif,2.56
404,404,PI2611,,2.9
408,408,BaCe2Ti5O15,,32.0
410,410,GeTe4,,17.36
412,412,Cu3Ge17Te80,,99.36
413,413,La2Ti2O7,mp-8154.cif,48.470000000000006
414,414,La4Ti9O24,mp-560383.cif,37.0
415,415,Ba0.96La0.04Ti0.96Al0.04O3,,1713.0
416,416,Ba0.96La0.04Ti0.96Cr0.04O3,,536.0
420,420,Ba0.5Sr0.5Nb2O6,,542.75
422,422,Sr3Ti2O7,mp-3349.cif,54.94545454545455
423,423,Li1Ti0.5Nb0.6O3,,69.0
424,424,SiC2O,,2.85
427,427,Ti4Nb(BiO3)7,mp-1217566.cif,130.0
428,428,Zr0.8Ti1Sn0.2O4,,38.0
431,431,Ba0.5Ca0.5Nd2Zn1O5,,26.399999999999995
432,432,YbBiO3,mp-1101165.cif,1100.0
434,434,Sr4.33Ti0.33Nb4O15,,56.0
438,438,Sr1Ti0.8Nb0.16O3,,67.0
439,439,Ba3Ti12Zn7O34,,31.0
441,441,Sr2Ti15Zn4O36,,44.0
442,442,LiAlSiO4,mp-1222444.cif,4.799999999999999
443,443,Ba2ZnSi2O7,mp-558629.cif,8.1
444,444,Y3MgAl3SiO12,,10.1
446,446,CeO212,,20.0
448,448,ZrO212,,20.0
450,450,Ti2.95Bi4W0.05O12,,140.0
451,451,Sr0.25Ce0.5Ti1O3,,98.18571428571428
452,452,SmAlO3,mp-7405.cif,20.35
453,453,MgNb2O6,mp-17953.cif,20.38875
456,456,Nb2ZnO6,mp-17177.cif,23.90551724137931
458,458,HfNiO3,mp-1178219.cif,3.75
459,459,NiGeO3,,3.808
461,461,BaTi2O3,,10.8
462,462,Na2O,mp-776952.cif,5.026666666666666
463,463,Ba3.75Nd9.5Ti16.5Al1.5O54,,72.7
466,466,Li2Mg3ZrO6,,12.353999999999996
467,467,C3F8,,2.46
468,468,CF2,mp-559432.cif,2.255
469,469,Mg0.85Zn0.15Si1O3,,8.05
470,470,Mg0.75Al2Ni0.25O4,,8.3
471,471,Mg0.8Al2Co0.2O4,,8.5
473,473,Mg1Al0.8Ga1.2O4,,8.9
474,474,Mg2.05Si1O4,,7.5
475,475,Mg2Si,150956.cif,20.0
478,478,Al0.9Ga0.1As1,,12.0
479,479,LaBO3,mp-8216.cif,12.5
480,480,Li2Ti4Zn3O12,,19.22
481,481,Ti0.5Nb1Cu0.5O4,,71.2
482,482,NaAl2SiClO5,,4.52
483,483,Ce0.01Mg1.025Ti1O3,,17.4
485,485,Ti0.3Sn0.7,,10.87
486,486,Ti0.4Sn0.6,,12.156000000000002
487,487,Ba4V2O9,,11.44
489,489,Mg4V2O9,,7.114285714285714
490,490,V2Zn4O9,mp-28331.cif,18.16
491,491,Ba3V2O8,mp-19365.cif,11.95
493,493,Ca3V2O8,mp-1182001.cif,8.73
494,494,Mg3V2O8,mvc-11986.cif,9.76923076923077
495,495,V2Zn3O8,mp-17545.cif,16.17
497,497,Li2MoO4,mp-18050.cif,5.5
498,498,K2Mo3O10,mp-540788.cif,5.599999999999999
500,500,Li2Ca2(MoO4)3,,8.5
501,501,Li3Al(MoO4)3,,9.5
503,503,BaBiS5,,3.826
504,504,Li2NiGe3O8,mp-21650.cif,8.6
505,505,Li2CoGe3O8,mp-769597.cif,9.0
506,506,ZrAl2O5,,3.1
507,507,Pr1Mn0.2,,2.73
508,508,Pr1Mn0.4,,2.7290000000000005
509,509,Pr1Mn0.6,,2.7290000000000005
510,510,PrMn,,2.7305
512,512,BaMoO4,mp-19276.cif,9.0
513,513,Eu0.1Fe1Bi0.9O3,,57.4
515,515,Sm0.075Fe1Bi0.925O3,,51.0
516,516,La0.1Fe1Bi0.9O3,,70.3
520,520,CI3Cl4,,2.77
524,524,LiCa3MgV3O12,,10.5
526,526,LiCa3V3ZnO12,,11.5
527,527,Ca5V6Zn4O24,,11.7
529,529,NaMg4V3O12,mp-541220.cif,11.015
530,530,LiMg4V3O12,mp-559155.cif,10.7
532,532,FeS2,15012.cif,10.9
534,534,Sc0.41Al0.59N1,,16.0
536,536,Te4PbSe45,,5.864545454545455
537,537,ZnGeN2,mp-2979.cif,10.61
539,539,Ti0.75Nb2.2Zn0.9Sn0.05O8,,35.05
540,540,TaTiNbZnO8,,36.3
542,542,Rb2Ba0.6Sr0.4Ti1O3,,663.29
544,544,Si3(BiO3)4,mp-23331.cif,15.28
546,546,Er0.1Si3Bi3.9O12,,15.56
547,547,Gd0.1Si3Bi3.9O12,,15.5
550,550,Pr0.1Si3Bi3.9O12,,15.02
555,555,TiNb2CoO8,,63.40428571428571
556,556,TiNb2ZnO8,mp-1216787.cif,34.46999999999999
558,558,Mn0.05Fe2Co0.03Ni0.92O4,,1750.0
562,562,BaTi4Zn2O11,,30.0
563,563,BaTi5O11,mp-27790.cif,38.120000000000005
564,564,BaLi2Ti6O14,mp-558083.cif,31.7
567,567,Ag2Te,mp-32811.cif,18.77857142857143
568,568,Ba1Sm2Co0.015Cu0.985O5,,15.5
570,570,LaTi3Fe(CuO4)3,,44.0
571,571,CaCu3(GeO3)4,mp-17599.cif,34.0
572,572,Al0.1Ga0.9N1,,9.4
573,573,Al0.38Ga0.62N1,,9.12
575,575,Zr1Nb2Zn0.96Ni0.04O8,,27.100000000000005
576,576,Zr1Mn0.1Nb2Zn0.9O8,,29.43
579,579,LiNb3,,22.666666666666668
580,580,CuCSN,mp-553972.cif,10.0
585,585,CaLa10SiB,,2.5411
586,586,CaLa15SiB,,2.6513
588,588,CaLa25SiB,,2.7363
589,589,CaLa30SiB,,2.7334
590,590,Nd4Mg3Al44O75,,15.0
591,591,MgNb2(CuO4)2,,15.9
593,593,MnZn(WO4)2,,13.699999999999998
596,596,Na0.5Ti1Ag1Bi0.5O3,,5000.0
598,598,Ti3Ag(BiO3)4,,1400.0
599,599,SrNb2AgBi2O9,,300.0
604,604,ZnCdS,,9.3
605,605,Ce1O1.96,,23.0
606,606,Ba1Mg0.5W0.5O3,,18.9
608,608,PC11S,,7.77
609,609,PC12S,,7.77
610,610,PC13S,,8.91
611,611,Ba0.98Ti0.96Mn0.04Zn0.02O3,,2405.0
613,613,Ba0.98Ti0.92Mn0.08Zn0.02O3,,2019.0
614,614,Li3Ca0.1Mg1.9Nb1O6,,15.62
615,615,Li3Mg1.9Nb1Ni0.1O6,,15.24
616,616,Li3Mg1.9Nb1Zn0.1O6,,15.39
617,617,Li3Mg1.9Mn0.1Nb1O6,,12.97
618,618,Al0.343In0.031Ga0.625N1,,4.21
619,619,Al0.468In0.031Ga0.5N1,,4.08
620,620,Al0.593In0.031Ga0.25N1,,4.02
621,621,Mg2V2O7,mp-554767.cif,10.5
622,622,Ba0.5Nb2O6,,400.0
624,624,HgSe,mp-1018722.cif,23.26
625,625,HCF3,,5.23
627,627,Sm0.5Bi30B70,,3.64
628,628,Sm0.5Bi40B60,,4.08
630,630,Sm(Bi3B2)20,,4.88
632,632,Zr0.4Ti0.6Pb1O3,,455.3525
634,634,UO2,mp-1597.cif,19.76909090909091
636,636,B9Pb5,,3.685000000000001
637,637,B4Pb3,,3.775
639,639,B3Pb4,,3.65
640,640,MgZrNb2O8,,21.62
641,641,ZrNb2CoO8,,20.274
642,642,ZrMnNb2O8,,25.036
643,643,Ba0.1Sr0.9Nb0.5Fe0.5O3,,2.59
644,644,Ba0.2Sr0.8Nb0.5Fe0.5O3,,2.1950000000000003
646,646,Ba1Ti0.4Nb0.3Fe0.3O3,,5.5
649,649,Si3N,,7.5
651,651,Li1.075Ti0.45Nb0.625O3,,65.0
652,652,Ba3Ti4Nb4O21,,65.0
657,657,La9Mg0.5Ti8.5O31,,44.4
660,660,Zr1Nb2Zn0.95Ni0.05O8,,29.02225
661,661,Mg0.05Zr1Nb2Zn0.95O8,,29.051
662,662,Zr1Nb2Zn0.95Co0.05O8,,29.621
663,663,Zr1Mn0.05Nb2Zn0.95O8,,29.812
664,664,Zn0.8Fe2Ni0.2O4,,7.474
666,666,Zn0.4Fe2Co0.4Ni0.2O4,,5.691
671,671,HC4O,,17.8
672,672,HC5O,,13.9
673,673,HC6O,,13.3
676,676,TbAlZnBiB,,2.822
678,678,Tb2AlZnBiB,,2.807
680,680,Tb3AlZnBiB,,2.479
681,681,La0.02Zr0.75Ti0.05Sn0.2Pb0.97O3,,112.14285714285714
684,684,La0.02Zr0.75Ti0.07Sn0.18Pb0.97O3,,77.14285714285714
688,688,Er5AlZnBiB,,2.808
689,689,Er10AlZnBiB,,2.797
691,691,Li2Mg0.94Ti3Zn0.06O8,,27.100000000000005
692,692,Li2Mg0.94Ti3Co0.06O8,,26.600000000000005
693,693,Li2Mg0.94Ti3Mn0.06O8,,25.8
694,694,MnZnSe,,8.9
695,695,MnCdTe,mp-1232389.cif,10.4
696,696,MnCdSe,,9.56
697,697,MnCdS,,9.8
700,700,Zn(GaO2)2,mp-5794.cif,13.72
701,701,TiZn2O4,mp-1101018.cif,22.575
702,702,Ca1Si0.9Sn0.1O3,,8.165
703,703,Ca1Si0.6Sn0.4O3,,9.065
705,705,Nd0.2Fe1.8Co1O4,,65.22
709,709,Gd0.2Fe1.8Co1O4,,95.59999999999998
710,710,Li2Ti3ZnO8,mp-1222642.cif,24.88310344827586
714,714,La0.995Mg0.5Sn0.5B0.005O3,,19.8
716,716,Si1H0.01N1.25,,6.0
717,717,BaCe2(MoO4)4,,12.300000000000002
719,719,CaCe2(MoO4)4,,11.4
721,721,SiHCO,,2.491333333333333
723,723,CaMg(SiO3)2,mp-562517.cif,8.026666666666666
724,724,Na2Zn5(MoO4)6,,8.1
725,725,CaAl2O4,172781.cif,8.9
727,727,CeAlO3,mp-3408.cif,20.7
728,728,PrAlO3,mp-8218.cif,23.2
731,731,TbAlO3,mp-4434.cif,18.0
732,732,HoAlO3,mp-4891.cif,17.0
734,734,YbAlO3,mp-1188667.cif,15.6
735,735,LuAlO3,mp-755358.cif,15.199999999999998
738,738,Ge(TeSe2)3,,13.160000000000002
739,739,InGe4(TeSe2)15,,40.45
740,740,In2Ge3(TeSe2)15,,72.41
741,741,In3Ge2(TeSe2)15,,104.44
742,742,NbP13,,410.0
743,743,NbP27,,980.0
746,746,BaTi2,,251.0
747,747,Zr0.44Ti0.56Pb1O3,,1200.0
748,748,BaCaTiO3,,84.55000000000001
749,749,S13N17,,167.0
750,750,CaTi4(BiO3)4,,150.0
751,751,GaPO4,mp-677335.cif,5.35
752,752,MgTi2O5,mp-1173863.cif,17.661538461538463
753,753,MgTi2O4,mvc-9736.cif,14.0
754,754,BaTe4O9,mp-1195016.cif,19.72
757,757,Ba0.8Ti1Pb0.2O3,,265.0
758,758,Sr1Ta1.8V0.2Bi2O9,,454.0
760,760,Nb1.48Co0.96Bi1.56O7,,1250.0
764,764,CsP(HO2)2,mp-1188121.cif,230.0
766,766,CuSe,mp-580226.cif,4.26
767,767,Sr2PrTa3Ti2O15,,161.0
769,769,Mn2NiO4,mp-29399.cif,53.333333333333336
770,770,Ca5V6Co3.95O24,,10.14
772,772,Ge3N4,87767.cif,5.5
774,774,Ba0.7Sr0.3Zr0.1Ti0.9O3,,1549.65
776,776,AlFeSi,,35.0
777,777,Tm2O3,mp-13067.cif,20.6
780,780,Ca5Ta2TiO12,,38.0
781,781,H11C5,,2.2
782,782,Ba1Ti1.02O3,,420.0
783,783,PIN,,3.106
785,785,BeO,62732.cif,5.94923076923077
786,786,YAlO,,11.0
789,789,GdTiO3,mp-510278.cif,15.0
790,790,Er2TiO5,mp-755595.cif,14.6
793,793,Li1Nb1Zn0.98Co0.02O4,,14.85
794,794,LiNbZnO4,mp-18037.cif,14.733333333333334
795,795,BNF,,30.0
796,796,Tb2(MoO4)3,mp-3114.cif,162.3
798,798,Sr0.276Pb0.724Se1,,12.94
799,799,Sr0.171Pb0.829Se1,,13.91
800,800,TiTe3O8,mp-5214.cif,46.8
802,802,B4H3N5,,78.4
804,804,P2S,mp-1220021.cif,3.47
806,806,Cu(BiO2)2,mp-1232323.cif,90.0
810,810,Sb2O3,mp-560607.cif,12.8
811,811,Li0.35Gd0.1Zn0.3Fe2.25O4,,118.0
812,812,Mg1Zr1Nb1.84Sb0.16O8,,25.69
813,813,Mg1Zr1Ta0.2Nb1.8O8,,23.16
814,814,Li3Mg2Nb0.98V0.02O6,,16.0
815,815,PH3O4,mp-626450.cif,49.0
816,816,ZnP2,mp-2782.cif,200.0
820,820,NbBiO4,mp-555100.cif,42.92857142857143
821,821,ZrTa2NiO8,,20.995
822,822,AlF3,mp-555026.cif,2.309090909090909
823,823,La1Ta0.08Nb0.92O4,,19.23
824,824,Ca3Nb2O8,,50.0
825,825,HClO,,351.0
827,827,Zn(RhO2)2,mp-5146.cif,4.262
830,830,HAuS,,78.3
831,831,Cu2S,166578.cif,16.0
832,832,BPN,,3.6
833,833,K2Cu2GeS4,,4.35
834,834,Er2Ti2O7,mp-5889.cif,61.0
835,835,YBCO,,26.5
839,839,LaYbO3,mp-1189511.cif,40.0
841,841,Li2Ti3Zn0.9Cu0.1O8,,25.2
842,842,TiZnO3,mp-1078470.cif,21.25
843,843,CuPC,,13.1
844,844,FeCl3,mp-676241.cif,237.0
845,845,Sr4Fe6O13,mp-505440.cif,7.3
850,850,Ta2NiO6,mp-32308.cif,25.0
856,856,Ca0.66V0.34Bi0.34Mo0.66O4,,21.9
857,857,BaO2,mp-1182259.cif,10.5
858,858,InCuS2,628051.cif,10.316666666666668
861,861,Eu2MnNiO6,,102.0
863,863,Nd2Sn2O7,mp-17114.cif,16.983333333333334
864,864,Nd1Mg0.4Zn0.1Sn0.5O3,,19.5
866,866,Mn1.9Fe0.1Cu0.4Ni0.6O4,,9.0
868,868,Sr2MnSbO6,mp-548149.cif,2.0
869,869,Zn3N2,mp-754553.cif,6.12
870,870,TaNO,mp-4165.cif,34.0
872,872,Ba1Ti4Zn1.98Cu0.02O11,,29.5
874,874,SrRuO3,mp-1179112.cif,740.0
875,875,YP2,,10.4
878,878,BaCuB2O5,mp-551135.cif,10.3
879,879,Na0.5Sm0.5Ti1O3,,100.5
880,880,LaMnO3,mp-1296868.cif,8.833333333333334
881,881,Nd1Ti0.5Zn0.5O3,,31.6
882,882,LiAlO2,mp-3427.cif,6.285
885,885,VCu2BiO6,mp-554393.cif,18.199
890,890,HgGeP2,,19.28
891,891,Zn0.5Cd0.5S1,,3.84875
892,892,BaTa2O6,mp-676339.cif,21.774193548387096
893,893,BaMg2V2O8,mp-19084.cif,12.0
899,899,LiCa2Mg2V3O12,,10.2
900,900,NaSr2Mg2V3O12,,11.7
901,901,BaPrCoO,,1050.0
903,903,Bi2TeO5,mp-23334.cif,52.0
904,904,V0.9Cu0.1Bi2O5.35,,30.0
905,905,Sr6Nb9030Cr,,205.0
906,906,ZrTiO4,mp-753891.cif,30.25
907,907,LiAlGe,mp-5920.cif,12.68
912,912,MgZrTa2O8,,27.543333333333333
913,913,TlGaSe2,mp-17254.cif,79.75
914,914,BPCF,,2.3
916,916,B2Cl,,3.29
917,917,P3O,,2.76
919,919,FeCuO2,mp-505110.cif,20.0
920,920,Cs2HgCl4,mp-1203522.cif,5.326
921,921,Y2SO2,mp-12894.cif,5.3
922,922,AlCrB,,82.1985
923,923,Pr2Si2O7,mp-3160.cif,17.0
926,926,Ba2ZnWO6,mp-548615.cif,27.33714285714285
928,928,Ba5NdNb9ZnO30,,282.0
930,930,Ti0.5Si0.5O2,,23.0
931,931,Ca5TiNb4O17,,43.1
933,933,SrClF,mp-22957.cif,50.0
935,935,Ce0.5Fe0.5Bi0.5Pb0.5O3,,22.0
937,937,Sn2S3,656782.cif,2.96
938,938,Ba0.75Y0.17Nb2O6,,180.0
939,939,Ba3Ta4TiO15,mp-1228225.cif,85.0
941,941,SrNdGaO4,mp-1218095.cif,21.0
943,943,H9C5,,9.71
945,945,Sr1V0.2Bi2N1.8O9,,779.0
946,946,FeCuS,,104.0
947,947,La2SO2,mp-4511.cif,4.67
948,948,Sm2Ti2O7,mp-3335.cif,118.5
949,949,BaTiReO3,,70.0
951,951,Li2.081Ti0.676Nb0.243O3,,66.5
952,952,SnSe2,mp-665.cif,7.923333333333333
955,955,ZrNb2NiO8,,17.708333333333332
957,957,Mg1.9Cu0.1Si1O4,,7.6
959,959,Sr0.5Sm1.5Ni1O4,,105.0
960,960,Sr3Ta4Ti4O21,mp-1218665.cif,146.0
962,962,Ba5Nd1Nb8.5Ni1.5O30,,260.0
963,963,CaAl2(SiO4)2,mp-758658.cif,5.0
967,967,Ca5La4TiO17,,55.2
968,968,Ca5Ta4TiO17,,42.5
972,972,Ba1Mg1.6V2Co0.4O8,,12.28
973,973,VBF,,3.8
977,977,LiZnMoO6,,11.1
978,978,Zn2SnO4,mp-1103830.cif,9.513333333333334
983,983,Li0.3Cr0.1Ni0.6O1,,4.76
984,984,BPHI,,18.0
988,988,TiCdO3,62150.cif,4192.0
989,989,NdNbO4,mp-3901.cif,21.458
991,991,H8C4O,,7.505
992,992,La0.1Zr0.9O1.95,,100.0
993,993,Ti4Bi2O11,mp-28962.cif,51.175
994,994,Mg2B2O5,mp-18256.cif,7.2
995,995,Li2ZnSiO4,mp-17288.cif,5.8
997,997,Sm2Si2O7,mp-18391.cif,9.945
998,998,Sm2SiO5,mp-1208880.cif,8.44
999,999,Nd4(SiO4)3,,9.94
1000,1000,Nd2SiO5,mp-560132.cif,7.94
1001,1001,Ba2Ca0.1Mg0.9W1O6,,20.8
1003,1003,Ag8SnS6,mp-15645.cif,4.15
1004,1004,TbMnO3,mp-22055.cif,600.0
1005,1005,VB4910H,,4.7
1006,1006,CaLa4Ti4O15,,43.66666666666666
1007,1007,Ca2La4Ti5O18,mp-1227811.cif,49.0
1010,1010,CoPt,mp-1225998.cif,313.0
1011,1011,Ti,mp-1245006.cif,4.85
1013,1013,Ca0.05Sm0.05Fe1Bi0.9O3,,420.0
1014,1014,Sr1Nb1.8V0.2Bi2O9,,779.0
1016,1016,Ba2Pr0.4Nd0.6Cu3O7,,10.0
1017,1017,LiBiO,,3.0
1018,1018,MnSe,mp-10204.cif,5.9
1019,1019,TbFeO3,mp-19853.cif,21.0
1021,1021,Al0.3Ga0.7As1,,12.53
1022,1022,AgSbO3,mp-540872.cif,17.5
1024,1024,Sr2Nb3O10,,240.0
1027,1027,SrTi3,,220.0
1029,1029,Ba2NaNb5O15,mp-1199624.cif,212.3333333333333
1030,1030,HfAlNO,,18.0
1031,1031,Mg0.5Zr1Nb2Zn0.5O8,,27.06
1032,1032,BaMgF4,mp-14568.cif,8.4
1036,1036,Li3Al(BO3)2,mp-554344.cif,4.5
1037,1037,Li3AlBO6,,4.8
1038,1038,Ca0.1La1Mg0.4Sn0.5O3,,20.2
1040,1040,CaZnP2O7,,7.56
1041,1041,B5N3,,70.0
1043,1043,KBN2,,716.0
1048,1048,Li2Mg3SnO6,,10.245
1050,1050,Ba4LaNb3SnO15,,40.5
1052,1052,Pr2TiZnO6,,27.0
1053,1053,Gd2TiZnO6,mp-1105276.cif,22.0
1054,1054,Nd2TiZnO6,,30.35
1055,1055,Ta2ZnO6,mvc-1666.cif,34.38
1057,1057,Li0.05Ti0.02Ni0.93O1,,103.66666666666669
1059,1059,HO2F,,90.0
1060,1060,LiIO3,mp-1180548.cif,3.335
1062,1062,BCNOF,,1050.0
1064,1064,Sr2NdTa3Ti2O15,,221.66666666666663
1066,1066,CsMgCl3,mp-23004.cif,1.586
1068,1068,KCa2Nb3O10,mp-557195.cif,46.0
1070,1070,NbO6,,104.0
1071,1071,Mg0.1Zn0.9O1,,3.2
1073,1073,PWF,,4925.0
1074,1074,HCCl3,,6.949999999999999
1078,1078,Ca2V2O7,mp-27614.cif,11.716666666666669
1079,1079,Sr0.7La0.3Ti0.7Al0.3O3,,43.3
1080,1080,LaCoO3,mp-1273989.cif,154.34
1081,1081,Ti0.05Zn2Sn0.95O4,,10.2
1082,1082,Ca1.15Sm0.85Ti0.15Al0.85O4,,20.0
1083,1083,Ba0.9Nd0.06Zr0.1Ti0.9O3,,11.65
1084,1084,La0.0038Nd0.0062Nb1Bi0.99O4,,43.57
1086,1086,BaTiSiO5,,17.35
1089,1089,Mg1Nb1.5Bi1.5O7,,125.0
1090,1090,BIF,,22.45
1093,1093,Ge3BiO12,,16.0
1094,1094,Rb2Ti2O5,,109.0
1099,1099,SrAl2O4,mp-1218520.cif,10.0
1100,1100,Fe(HO)3,,1.9
1103,1103,Ga4Se3S,,13.93
1104,1104,Ba0.2Sr0.8Ti1O3,,880.0
1106,1106,Ca0.2Sm0.4Mg0.2Ti1O3,,55.0
1109,1109,NbBi3O7,mp-35185.cif,95.5
1111,1111,Li2Mg0.96Ti3Zn0.04O8,,28.7
1113,1113,Mg2Ti0.95Sn0.05O4,,16.67
1115,1115,Sr5Zn(PbO4)3,mp-1218569.cif,22.0
1119,1119,LiYF4,mp-3941.cif,2.03
1120,1120,CCl2,mp-1214217.cif,3.1566666666666663
1121,1121,BaLa2ZnO5,mp-6793.cif,20.3
1124,1124,BaEu2Ti4O12,,76.0
1125,1125,Ta0.1Nb0.9Bi1O4,,44.35
1129,1129,GaAsO4,mp-1102977.cif,8.5
1130,1130,As2O3,mp-1194715.cif,5.0
1133,1133,BaNb2O6,mp-555050.cif,32.666666666666664
1134,1134,Ba0.5Nb2Pb0.5O6,,168.0
1135,1135,Ba5LaTa7Ti3O30,,144.13333333333335
1136,1136,Ba3La3Ta5Ti5O30,,130.76666666666665
1138,1138,GdTiNbO6,,20.0
1139,1139,Gd1Ta0.75Ti1Nb0.25O6,,30.5
1141,1141,Ba1Sm2Co0.01Cu0.99O5,,16.8
1142,1142,LiNiPO4,mp-757944.cif,7.18
1143,1143,LiMgPO4,mp-9625.cif,6.6
1144,1144,LiMnPO4,mp-867634.cif,8.1
1146,1146,VBO4,mp-756186.cif,13.25
1152,1152,Li2Mg4ZrO7,,12.65
1154,1154,Na0.5Bi0.5Mo1O4,,34.4
1155,1155,Ba3Nb1.992Zn1Mo0.008O9.004,,38.9
1156,1156,La2Zr3(MoO4)9,,10.8
1157,1157,MoPbO4,mp-22169.cif,26.7
1161,1161,Ca0.05Zr0.53Ti0.47Pb0.95O3,,973.0
1162,1162,ZnF2,mp-1873.cif,8.0
1164,1164,CdCu2GeSe4,619750.cif,14.32
1165,1165,La1Mg0.4Ni0.1Sn0.5O3,,20.19
1166,1166,La1Mg0.35Ni0.15Sn0.5O3,,20.24
1167,1167,BC5,mp-1077743.cif,68.5
1168,1168,Ti3N2,mp-1187591.cif,72.1
1172,1172,Ba8Ta6ZnO24,,29.0
1174,1174,Ti2Bi2O7,mp-1200889.cif,118.0
1175,1175,TiO4,,150.0
1177,1177,Ca0.55Nd0.3Ti1O3,,100.0
1178,1178,Mg1Zr0.85Nb2Sn0.15O8,,24.91
1180,1180,Ba5Si8O21,mp-669333.cif,7.3
1182,1182,Ce0.75Zr0.25O2,,112.0
1183,1183,Ce0.5Zr0.5O2,,52.0
1184,1184,MnBiO3,mp-1106239.cif,1400.0
1186,1186,Ba1Sm0.1Al1B1Pb1F1,,4.48
1187,1187,Ba1Sm0.5Al1B1Pb1F1,,4.51
1188,1188,BaSmAlBPbF,,4.56
1189,1189,Ba1Sm1.5Al1B1Pb1F1,,4.58
1191,1191,Ba1Sm2.5Al1B1Pb1F1,,4.63
1194,1194,NdEu10,,3.2616
1196,1196,NdEu20,,3.258
1197,1197,NdEu40,,3.2508
1198,1198,Li3BO3,mp-27275.cif,5.0
1199,1199,VBO,,67.31
1200,1200,V15B,,44.79
1201,1201,V30B,,37.59
1202,1202,V45B,,33.99
1203,1203,V60B,,31.69
1204,1204,ZnCoSnO4,,11.3
1205,1205,TiZnCoO4,,15.325
1207,1207,Yb10BP,,2.34
1209,1209,Yb20BP,,2.39
1211,1211,Ba2V2O7,mp-19474.cif,10.375
1212,1212,Sr2V2O7,mp-19660.cif,10.042857142857144
1213,1213,Ba16V18O61,,9.7
1214,1214,Sr16V18O61,,9.8
1217,1217,Ba5V4O15,,11.4
1219,1219,Mn0.5Zn0.5Fe2O4,,7.57
1222,1222,ZnSO4,mp-5126.cif,2.65
1225,1225,TiNi,mp-571.cif,25.5
1226,1226,Li2.08Mg3Sn1O6,,12.7
1227,1227,MgAl2P(SO2)2,,8.4
1228,1228,CO,mp-556660.cif,89.78
1231,1231,Ti0.4Fe0.2Ni0.4Bi1O3,,327.39
1232,1232,ZnO50,,159.33333333333334
1233,1233,ZnO65,,102.33333333333331
1234,1234,ZnO89,,93.0
1237,1237,Ti0.5Nb1Zn0.5O4,,37.4
1239,1239,Mg0.5Al2Zn0.4Cr0.1O4,,427.0
1241,1241,Mg0.5Al2Zn0.2Cr0.3O4,,115.0
1242,1242,Mg0.5Al2Zn0.1Cr0.4O4,,126.0
1243,1243,Mg0.5Al2Cr0.5O4,,169.0
1247,1247,CeV,,5.64
1248,1248,NdV,,5.8
1249,1249,CeNdV,,6.345
1250,1250,Mn(FeO2)2,mp-1274757.cif,5.12
1252,1252,CdSe2,620416.cif,3.5
1256,1256,La0.8Eu0.06Cr0.14Fe1O3,,10.3214
1258,1258,La0.6Eu0.12Cr0.28Fe1O3,,14.3204
1260,1260,H4CN,,15.46
1264,1264,SrWO4,mp-19163.cif,8.1
1267,1267,CoWO4,mp-19092.cif,10.3
1268,1268,NiWO4,mp-21179.cif,13.3
1273,1273,Sr1Zr0.1Nb1.92Bi2O9,,1872.0
1280,1280,Zr(SiO3)2,,20.27
1282,1282,O2,mp-12957.cif,50.0
1283,1283,Zn0.9Cd0.1O1,,7.93
1284,1284,Zn0.8Cd0.2O1,,9.06
1285,1285,Zn0.7Cd0.3O1,,10.9
1289,1289,Mn0.15Cd0.85Te1,,9.877
1290,1290,Mn0.2Cd0.8Te1,,9.944
1291,1291,MnTe,mp-1079443.cif,11.014
1294,1294,Zn0.7Cd0.3S1,,3.94
1295,1295,Zn0.6Cd0.4S1,,3.925
1296,1296,Zn0.4Cd0.6S1,,3.21
1300,1300,ErBN5,,2.611
1301,1301,ErBN4,,2.641
1302,1302,ErBN3,,2.683
1303,1303,K7AlB,,1371.0
1304,1304,K7AgB,,640.0
1307,1307,MgSO4,mp-7572.cif,41.0
1308,1308,BaFe12O19,mp-554293.cif,11.985
1309,1309,Ba1Al0.5Fe11.5O19,,15.541
1312,1312,Ba1Al3.5Fe8.5O19,,41.339
1314,1314,La(CoSb3)4,,28.59
1317,1317,TlFe(CoSb4)3,,38.57
1318,1318,NbN,mp-1009471.cif,20.0
1319,1319,H6C5O,,24.85
1321,1321,K0.5Li0.5Nb1O3,,6.49
1322,1322,Rb0.5Li0.5Nb1O3,,7.64
1327,1327,Al0.45Ga0.55As1,,7.09
1329,1329,TaN,mp-570454.cif,39.3
1330,1330,La2Ge2O7,202606.cif,1.14
1331,1331,La2Zr2O7,184100.cif,1.2433333333333334
1332,1332,Bi2SeO2,mp-552265.cif,1.1
1333,1333,LiBr,mp-23259.cif,3.18
1335,1335,CaSe,619571.cif,5.16
1336,1336,CaTe,60202.cif,6.14
1337,1337,SrSe,mp-2758.cif,5.05
1340,1340,BaSe,mp-1253.cif,4.85
1342,1342,BeSe,mp-1541.cif,4.8
1343,1343,BeTe,mp-1183441.cif,5.99
1344,1344,NaI,mp-1064979.cif,6.6
1345,1345,CsF,mp-8455.cif,6.0
1351,1351,PC115,,11.02
1352,1352,TmB12,mp-1104905.cif,95.9
1353,1353,Zr11Al2Cu6Ni,,5.02
1355,1355,H6C2O,,25.2
1357,1357,H13C6,,2.0
1359,1359,HfSiNO,,10.5
1360,1360,H5C6OF9,,7.4
1362,1362,Ba2ScTaO6,mp-1205823.cif,34.0
1363,1363,InGe4Se45,,5.28
1366,1366,GeTe14Se5,,4.75
1367,1367,SrVO3,mp-18717.cif,4.65
1369,1369,BPC16,,2.53
1370,1370,H9C4,,1.95
1371,1371,NO3,mp-1204579.cif,2.4
1372,1372,KTaO3,mp-3614.cif,242.0
1373,1373,LiGaO2,mp-1222306.cif,7.2
1374,1374,PHI,,6.516666666666666
1376,1376,Y2PHIO3,,6.2
1377,1377,Ba0.5Sr0.5Nb2O9,,170.0
1379,1379,Ti0.075Nb0.637Zn0.287Pb0.936O2.968,,1840.0
1381,1381,Ti0.084Nb0.634Zn0.281Pb0.944O2.98,,1540.0
1383,1383,CuCl2,mp-1238872.cif,9.8
1384,1384,Ca5Ta0.5Ti1Nb1.5O12,,46.0
1385,1385,Ca5TaTiNbO12,,43.0
1387,1387,H7(C3O)2,,7.56
1389,1389,BaZrO,,35.7
1390,1390,Ba0.95Ca0.05Zr1O3,,42.0
1391,1391,Ba0.9Ca0.1Zr1O3,,53.0
1393,1393,SiN10,,6.95
1396,1396,SiN40,,7.16
1399,1399,SiC2,mp-1019097.cif,9.82
1400,1400,Ba3Ta1.9Nb0.1Zn1O9,,22.42
1402,1402,Ba3Ta1.5Nb0.5Zn1O9,,25.57
1403,1403,Ba3Ta1.25Nb0.75Zn1O9,,26.51
1404,1404,Ba3TaNbZnO9,,26.45
1405,1405,Ba3Mg1Ta1.9Nb0.1O9,,12.44
1407,1407,Ba3Mg1Ta1.5Nb0.5O9,,13.94
1408,1408,Ba3Mg1Ta1.25Nb0.75O9,,11.78
1409,1409,Ba3MgTaNbO9,mp-1228058.cif,13.94
1410,1410,NO2,mp-2789.cif,3.9
1411,1411,LaCS,,110.0
1412,1412,BaC,mp-997616.cif,32.0
1413,1413,SrC,mp-1208639.cif,35.0
1414,1414,NaAl(SiO3)2,mp-6124.cif,5.8
1415,1415,Li0.994Nb0.0013,,24.05
1416,1416,Li0.951Nb0.0098,,23.447
1418,1418,Li0.904Nb0.0192,,22.88
1419,1419,Li0.9834Nb0.0033,,23.779
1420,1420,Li0.9671Nb0.0066,,23.584
1423,1423,Li0.9478Nb0.0104,,23.327
1424,1424,Li0.9351Nb0.013,,23.191
1425,1425,Li0.9194Nb0.0164,,23.009
1426,1426,ZrNb1136057,,27.0
1427,1427,ZrNb1240013,,27.0
1428,1428,AcO,mp-1183172.cif,33.25
1430,1430,K0.2Na0.8Nb1O3,,123.19
1432,1432,C(ClF)2,mp-22966.cif,2900.0
1433,1433,MgB2,mp-763.cif,38.0
1434,1434,PI2610,,2.9
1436,1436,YZrO2,,25.0
1438,1438,Ba0.65Sr0.35Ti1O3,,400.0
1439,1439,Ba0.55Sr0.45Ti1O3,,320.0
1442,1442,Al2O3.4Ar0.08,,8.5
1443,1443,Ge1O2.02Ar0.01,,6.4
1445,1445,In0.5Ga0.5Cu1Se2,,8.8
1446,1446,Ba2NdTa3Ti2O15,,138.0
1447,1447,Ba3Nd3Ta5Ti5O30,,117.0
1448,1448,Ba5NdTa7Ti3O15,,166.5
1449,1449,B2.1S0.92N1,,170.0
1451,1451,H5C7F3,,9.03
1453,1453,Ba2Na4.5Nd0.5Nb10O30,,269.0
1454,1454,Na4.6Nd0.6Nb10O30,,310.0
1455,1455,MnNb2O6,mp-22100.cif,22.4
1456,1456,BaTiAl2O6,,15.353333333333332
1457,1457,CaTi4Cu3SiO14,,13.8
1458,1458,K1Ta0.5Nb0.5Ag1O3,,23.0
1459,1459,SiBi2S3O2,,25.5
1460,1460,Al2Bi2(TeO)3,,140.0
1464,1464,K0.09Na0.41Ti1Bi0.5O3,,161.0
1465,1465,Zr0.3Ti0.7Pb1O3,,300.0
1466,1466,LaTaN2O,mp-550514.cif,80.0
1467,1467,YTaN2O,,59.0
1468,1468,LaTiNO2,mp-1222753.cif,75.0
1469,1469,YTiNO2,,47.0
1470,1470,Hf0.67Si0.33O2,,12.2
1471,1471,Ta2O3,mp-1079159.cif,24.0
1472,1472,Sr0.55Ce0.3Ti1O3,,131.0
1473,1473,Sr0.4Ce0.4Ti1O3,,113.0
1475,1475,BiSeI,mp-23020.cif,35.8
1476,1476,CaNdGa3O7,mp-1227170.cif,12.8
1480,1480,I2N,,4.1
1481,1481,I3N,mp-1190039.cif,6.575
1482,1482,U8S,,2.6
1483,1483,SnSe,50557.cif,2.59
1485,1485,ZrBiIr,,40.3725
1487,1487,Mn2O3,mp-510604.cif,1.5
1488,1488,Zn0.5Fe2Ni0.5O4,,104.0
1489,1489,Ba1Ti0.5Mn0.5O3,,45.0
1491,1491,La0.25Al0.25Fe1.5Ni1O4,,2.49
1492,1492,K0.3Na1.7Ti3O7,,900.0
1496,1496,Zr10Zn,,5279.0
1497,1497,KH550,,11.1
1498,1498,KH560,,10.5
1500,1500,Sr1Ti0.11Nb0.89O3.44,,56.0
1501,1501,La1Mg0.06Ti0.94O3.44,,51.0
1502,1502,La1Mg0.1Ti0.9O3.4,,34.0
1503,1503,H4C4O3,,37.5
1504,1504,H5C4NO2,,37.5
1506,1506,H3C4NO2,,37.5
1507,1507,Sr1Ti0.33Nb0.67O3.33,,77.0
1508,1508,Sr1Ti0.43Nb0.57O3.29,,61.0
1510,1510,Ba2La4Ti5O18,mp-1228650.cif,46.0
1512,1512,ZrAlO,,8.3
1513,1513,Sm2MnNiO6,mp-555010.cif,1000.0
1514,1514,Ca1Zr0.05Ti3.95Cu3O12,,16.0
1515,1515,Cd4P2Cl3,mp-29746.cif,5.92
1516,1516,LiNO3,mp-1094130.cif,34.5
1517,1517,Ca3SbN,mp-31157.cif,7.8
1520,1520,Ge3Bi2O9,mp-29218.cif,9.7
1521,1521,Ba2BiSbO6,mp-23091.cif,23.62
1522,1522,CdP2,620214.cif,200.0
1523,1523,La0.9Fe1Co0.1O3,,80.0
1524,1524,La1Mn0.5Fe0.5O3,,4300.0
1525,1525,NdN,mp-1009237.cif,22.0
1527,1527,Al5CuSe8,mp-37405.cif,4.77
1528,1528,AlCuSe2,607098.cif,5.02
1530,1530,GeC,182363.cif,7.682
1531,1531,Cs4PbBr6,mp-23436.cif,3.5
1532,1532,UCo2,mp-1383.cif,16.0
1534,1534,BaNb2Bi2O9,mp-555867.cif,545.0
1537,1537,SrNbNO2,mp-1218149.cif,5000.0
1538,1538,BP2,,305.0
1540,1540,Na5Gd(MoO4)4,mp-556070.cif,4.258
1542,1542,SOF,,45.0
1545,1545,BP180,,3.2
1546,1546,SiBCN,,7.105
1548,1548,PO2,mp-1238819.cif,95.0
1549,1549,Ga16N15,,5.24
1550,1550,CoO2,mp-1283043.cif,14.0
1552,1552,CuB,,80.0
1553,1553,CrS2,mvc-13555.cif,5.95
1555,1555,CaVO3,mvc-13158.cif,2000.0
1557,1557,Ge2Sb2Te5,mp-1224407.cif,38.0
1561,1561,KBrO3,mp-22958.cif,7.0
1562,1562,Nd2CuO4,mp-21376.cif,920.0
1563,1563,AlNO,,13.0
1564,1564,ZrO,mp-10197.cif,30.0
1565,1565,Ag2GePbS4,180802.cif,12.654
1566,1566,Ag2SnHgSe4,95094.cif,11.6081
1568,1568,NaSbF4,mp-29269.cif,100.0
1569,1569,TmV4,,11.3
1570,1570,Zn2TeSe,mp-1215513.cif,38.245
1572,1572,LaCu2,mp-2051.cif,209.0
1576,1576,CoC2(SN)2,,36.0
1577,1577,VOs,mp-12778.cif,4.1
1580,1580,TaS3,mp-1094038.cif,108.0
1583,1583,SmB,,1500.0
1584,1584,TiSiO4,mvc-4059.cif,17.75
1585,1585,SnTe,SnTe_mp-1883.cif,103.0
1587,1587,PoPb,,189.0
1589,1589,Rb2ZnC14,,3.11
1590,1590,Rb2ZnCI4,,13.0
1591,1591,Rb2ZnBr4,mp-1200099.cif,434.0
1594,1594,Sc2AlSi2,mp-10676.cif,13.0
1595,1595,CsZn2B3O7,mp-1195000.cif,1.5
1596,1596,CdMoO4,mp-19039.cif,8.0
1601,1601,SrRh2,mp-1328.cif,211.12
1603,1603,POF,,214.0
1604,1604,KNO3,mp-5158.cif,1.7
1605,1605,Cr(AgO2)2,mp-542882.cif,9.38
1606,1606,YB,,11.0
1607,1607,Mn0.02Cd1S0.08,,5.47
1608,1608,Mn0.04Cd1S0.06,,5.59
1611,1611,Mn0.1Cd1S0.9,,6.91
1612,1612,Ba2YTaO6,mp-12385.cif,3.66
1614,1614,Ba2PrTaO6,mp-1205670.cif,3.2
1617,1617,FeH6(C5F2)2,,3.4166666666666665
1619,1619,FeH2(C5F4)2,,3.5033333333333334
1621,1621,Li2Te,mp-2530.cif,4.55
1622,1622,Na2Te,mp-2784.cif,3.94
1624,1624,Rb2Te,mp-568745.cif,3.51
1625,1625,PrO2,mp-1101864.cif,17.5
1627,1627,Li2Zr0.21Ti2.79Zn1O8,,25.4
1628,1628,Li2Mg0.06Ti3Zn0.94O8,,26.1
1630,1630,Li2Ti3Zn0.94Co0.06O8,,26.2
1631,1631,Li2Ca0.05Ti3Zn0.95O8,,27.0
1632,1632,Li2Ti3.04Zn1O8.12,,25.8
1634,1634,S103F,,1.361
1637,1637,S110F,,1.429
1638,1638,S111F,,1.242
1640,1640,MoPb2O5,mp-21138.cif,19.1
1641,1641,Li2Ni2(MoO4)3,mp-1211383.cif,9.2
1642,1642,Zr0.95Ti0.05Pb1O3,,310.0
1643,1643,FeTe2,mp-1224800.cif,1.1
1645,1645,S225N,,39.61
1646,1646,TaSN8,,5.9
1647,1647,FeNi,mp-1224965.cif,10.0
1649,1649,BaZn2(PO4)2,mp-6089.cif,6.8135
1650,1650,BaNaPO4,mp-1214476.cif,8.850999999999999
1651,1651,Sr2P2O7,mp-5616.cif,7.05
1652,1652,SrZnP2O7,mp-558616.cif,7.31
1653,1653,LaPO4,mp-8133.cif,13.6
1655,1655,Ti3H10O11,,78.39
1656,1656,Zn3Mo2O9,mp-29461.cif,8.7
1658,1658,NaMgF3,mp-12948.cif,1.715
1659,1659,NaZnF3,mp-3795.cif,2.01
1662,1662,Al0.1Sn0.9O2,,3.2402
1663,1663,Al0.15Sn0.85O2,,4.3
1664,1664,Ba0.65Sr0.35V2O6,,11.2
1666,1666,Ba0.5Sr0.5V2O6,,11.5
1670,1670,In0.49Ga0.51P1,,11.8
1673,1673,In0.562B0.437As1,,11.356
1674,1674,AlCrO,,0.149
1675,1675,Cr1.45Ga0.55O3,,0.0833333333333333
1677,1677,In0.3Ga0.7As1,,13.41
1682,1682,In0.51Ga0.49P1,,11.8
1684,1684,In0.19Ga0.81Sb1,,16.0
1685,1685,TeSe,mp-1217322.cif,0.3725
1686,1686,In0.53Ga0.47As1,,12.921428571428573
1687,1687,In0.093Ga0.906As0.968N0.031,,9.72
1688,1688,In0.156Ga0.843As0.937N0.062,,9.78
1689,1689,In0.25Ga0.75As0.906N0.093,,9.83
1690,1690,Ca1Nb0.5Fe0.5O3,,1.5
1694,1694,In0.8Ga0.2As1,,14.5528
1695,1695,Ca0.8Sm0.4,,23.0
1697,1697,Mn27Fe(C6I)2,,0.9978
1698,1698,Mn27Fe(C4I)3,,0.9982
1700,1700,Mn27VFeC12,,0.9982
1701,1701,Sr2MnFe12NiO22,,0.0757999999999999
1702,1702,CS615,,1.5
1703,1703,VWC,,20.0
1704,1704,TmAlO3,mp-756281.cif,16.0
1707,1707,AlN34,,10.5
1708,1708,ZnO32,,5.25
1709,1709,InSe9,,21.42
1710,1710,In2(TeSe5)3,,20.42
1711,1711,Zn3In2Se15,,13.3
1712,1712,CeAlPO,,76.15724
1713,1713,In4SbSe15,,33.3
1714,1714,In3Sb2Se15,,42.5
1718,1718,BaCo,,33.0
1719,1719,BaZn,mp-902.cif,35.0
1720,1720,BaNi,,31.0
1721,1721,C11O,,3.01
1722,1722,SiPt,mp-696.cif,450.0
1724,1724,CaF,mp-1183545.cif,2.0
1725,1725,K2O,mp-1223784.cif,6.09
1727,1727,BaTiP3H15(C2O)9,,19.4
1730,1730,Ba0.85Ca0.15Zr0.1Ti0.9O3,,2000.0
1733,1733,Ba0.84Sr0.01Ca0.15Zr0.09Ti0.9Sn0.01O3,,4200.0
1734,1734,Nd0.15Fe1Bi0.85O3,,140.0
1735,1735,Na0.5La0.5Ti4Bi4O15,,157.0
1736,1736,CaTi4Bi4O15,,145.0
1739,1739,Ba0.37Sr0.63Nb2O6,,4579.0
1741,1741,Ba0.425Sr0.425Ca0.15Nb2O6,,933.0
1745,1745,Ba1.6Na2Sr2.4Nb10O30,,180.0
1746,1746,Ba1.05Na2Sr2.8La0.1Nb10O30,,430.0
1747,1747,Ba1.45Na2Sr2.4Pr0.1Nb10O30,,564.0
1748,1748,Ba1.45Na2Sr2.4Nd0.1Nb10O30,,350.0
1749,1749,Ba0.66Sr0.34Ti1O3,,487.0
1751,1751,Ba1Ti0.85Sn0.15O3,,930.0
1753,1753,BiBrO,mp-23072.cif,6.416666666666667
1755,1755,Bi1Br0.5Cl0.5O1,,5.48
1756,1756,Bi1I0.5Cl0.5O1,,6.776666666666666
1757,1757,Bi1I0.5Br0.5O1,,7.196666666666666
1758,1758,H2N,,1.0
1760,1760,AlCuO2,mp-3748.cif,10.0
1762,1762,In2SnO5,,3.34
1766,1766,ZrFeO3,,3.71
1767,1767,Ba1Fe1O2.5,,25.0
